Workbook
Name Slicer_Campaign: #N/A

Sheet Project overview

Sheet cleaned data
A1: Campaign | B1: Location | C1: Campaign type | D1: Total Leads | E1: Sales | F1: Conversion Rate | G1: Cost per Lead | H1: Total Cost
A2: PY | B2: KL | C2: Fee included | D2: 60 | E2: 6 | F2: 10 | G2: 68.62 | H2: 4117.2
A3: DA | B3: KL | C3: No monitory benefit | D3: 173 | E3: 3 | F3: 1.73 | G3: 47.97 | H3: 8298.81
A4: PY | B4: KL | C4: Hiring | D4: 65 | E4: 0 | F4: 0 | G4: 55.63 | H4: 3615.95
A5: PY | B5: KL | C5: Fee included | D5: 231 | E5: 11 | F5: 4.76 | G5: 41.15 | H5: 9505.65
A6: DA | B6: KL | C6: Hiring | D6: 294 | E6: 11 | F6: 3.74 | G6: 28.06 | H6: 8249.64
A7: BA | B7: KL | C7: Hiring | D7: 233 | E7: 23 | F7: 9.87 | G7: 63.87 | H7: 14881.71
A8: PY | B8: KL | C8: Hiring | D8: 162 | E8: 11 | F8: 6.79 | G8: 42.8 | H8: 6933.6
A9: DA | B9: KL | C9: No monitory benefit | D9: 202 | E9: 5 | F9: 2.48 | G9: 62.35 | H9: 12594.7
A10: PY | B10: KL | C10: Fee included | D10: 92 | E10: 6 | F10: 6.52 | G10: 54.47 | H10: 5011.24
A11: PY | B11: KL | C11: Fee included | D11: 150 | E11: 4 | F11: 2.67 | G11: 12.66 | H11: 1899
A12: DA | B12: KL | C12: No monitory benefit | D12: 76 | E12: 0 | F12: 0 | G12: 30.36 | H12: 2307.36
A13: PY | B13: KL | C13: Hiring | D13: 262 | E13: 8 | F13: 3.05 | G13: 7.49 | H13: 1962.38
... A6001: DA | B6001: KL | C6001: No monitory benefit | D6001: 260 | E6001: 5 | F6001: 1.92 | G6001: 25.7 | H6001: 6682

Sheet missing value counts
A1: FEATURES | B1: MISSING VALUE | C1: DUPLICATE RECORDS
A2: Campaign | B2: =COUNTBLANK('cleaned data'!A2:A6001) -> 0 | C2: No duplicate records are found in the data
A3: Location | B3: =COUNTBLANK('cleaned data'!B2:B6001) -> 0
A4: Campaign type | B4: =COUNTBLANK('cleaned data'!C2:C6001) -> 0
A5: Total leads | B5: =COUNTBLANK('cleaned data'!D2:D6001) -> 0
A6: Sales | B6: =COUNTBLANK('cleaned data'!E2:E6001) -> 0
A7: Conversion Rate | B7: =COUNTBLANK('cleaned data'!F2:F6001) -> 0
A8: Cost per lead | B8: =COUNTBLANK('cleaned data'!G2:G6001) -> 0
A9: total cost | B9: =COUNTBLANK('cleaned data'!H2:H6001) -> 0

Sheet outlier analysis
A1: FEATURES | B1: Q3 | C1: Q1 | D1: IQR | E1: Lower Bound | F1: Upper Bound
A2: Total leads | B2: =QUARTILE('cleaned data'!D2:D6001,3) -> 239 | C2: =QUARTILE('cleaned data'!D2:D6001,1) -> 114 | D2: =B2-C2 -> 125 | E2: =C2-1.5*D2 -> -73.5 | F2: =B2+1.5*D2 -> 426.5
A3: Sales | B3: =QUARTILE('cleaned data'!E2:E6001,3) -> 13 | C3: =QUARTILE('cleaned data'!E2:E6001,1) -> 3 | D3: =B3-C3 -> 10 | E3: =C3-1.5*D3 -> -12 | F3: =B3+1.5*D3 -> 28
A4: Conversion Rate | B4: =QUARTILE('cleaned data'!F2:F6001,3) -> 7.45 | C4: =QUARTILE('cleaned data'!F2:F6001,1) -> 2.2475 | D4: =B4-C4 -> 5.2025 | E4: =C4-1.5*D4 -> -5.55625 | F4: =B4+1.5*D4 -> 15.25375
A5: Cost per lead | B5: =QUARTILE('cleaned data'!G2:G6001,3) -> 53.07 | C5: =QUARTILE('cleaned data'!G2:G6001,1) -> 21.2575 | D5: =B5-C5 -> 31.8125 | E5: =C5-1.5*D5 -> -26.46125 | F5: =B5+1.5*D5 -> 100.78875
A6: total cost | B6: =QUARTILE('cleaned data'!H2:H6001,3) -> 9343.6825 | C6: =QUARTILE('cleaned data'!H2:H6001,1) -> 2985.945 | D6: =B6-C6 -> 6357.7375 | E6: =C6-1.5*D6 -> -6550.6612 | F6: =B6+1.5*D6 -> 18880.289

Sheet statistic analysis
A1: FEATURES | B1: Average | C1: Median | D1: Std.deviation
A2: Total leads | B2: =AVERAGE('cleaned data'!D2:D6001) -> 176.35117 | C2: =MEDIAN('cleaned data'!D2:D16001) -> 178 | D2: =_xlfn.STDEV.S('cleaned data'!D2:D6001) -> 72.036607
A3: Sales | B3: =AVERAGE('cleaned data'!E2:E6001) -> 8.6548333 | C3: =MEDIAN('cleaned data'!E2:E6001) -> 7 | D3: =_xlfn.STDEV.S('cleaned data'!E2:E6001) -> 6.6790814
A4: Conversion Rate | B4: =AVERAGE('cleaned data'!F2:F6001) -> 4.8765483 | C4: =MEDIAN('cleaned data'!F2:F6001) -> 4.91 | D4: =_xlfn.STDEV.S('cleaned data'!F2:F6001) -> 3.0027492
A5: Cost per lead | B5: =AVERAGE('cleaned data'!G2:G6001) -> 37.220253 | C5: =MEDIAN('cleaned data'!G2:G6001) -> 37.35 | D5: =_xlfn.STDEV.S('cleaned data'!G2:G6001) -> 18.712978
A6: total cost | B6: =AVERAGE('cleaned data'!H2:H6001) -> 6558.9235 | C6: =MEDIAN('cleaned data'!H2:H6001) -> 5533.065 | D6: =_xlfn.STDEV.S('cleaned data'!H2:H6001) -> 4476.3768

Sheet DASHBOARD

Sheet kpi card
A3: Sum of Total Leads | C3: Sum of Sales | E3: Average of Conversion Rate | G3: Sum of Cost per Lead
A4: 1058107 | C4: 51929 | E4: 4.8765483 | G4: 223321.52
G6: =GETPIVOTDATA("Cost per Lead",$G$3) -> 223321.52
G8: Sum of Total Cost
G9: 39353541
A10: =GETPIVOTDATA("Total Leads",$A$3) -> 1058107 | C10: =GETPIVOTDATA("Sales",$C$3) -> 51929 | E10: =GETPIVOTDATA("Conversion Rate",$E$3) -> 4.8765483
G11: =GETPIVOTDATA("Total Cost",$G$8) -> 39353541

Sheet bar
A3: Row Labels | B3: Sum of Total Cost | C3: Sum of Sales
A4: BA | B4: 6681681.1 | C4: 8494
A5: BA | B5: 6666663.9 | C5: 8965
A6: DA | B6: 13190701 | C6: 16967 | L6: Row Labels | M6: Sum of Sales | N6: Average of Conversion Rate
A7: PY | B7: 12814496 | C7: 17503 | L7: BA | M7: 8494 | N7: 4.791365
A8: Grand Total | B8: 39353541 | C8: 51929 | L8: BA | M8: 8965 | N8: 4.9932417
L9: DA | M9: 16967 | N9: 4.7881481
L10: PY | M10: 17503 | N10: 4.9477644
L11: Grand Total | M11: 51929 | N11: 4.8765483

Sheet LINE CHART
A3: Row Labels | B3: Average of Conversion Rate
A4: Fee included | B4: 4.9482497
A5: Hiring | B5: 4.8962435
A6: No monitory benefit | B6: 4.7269238
A7: Grand Total | B7: 4.8765483

Sheet column CHART
A3: Row Labels | B3: Sum of Sales
A4: BA | B4: 8494
A5: BA | B5: 8965
A6: DA | B6: 16967
A7: PY | B7: 17503
A8: Grand Total | B8: 51929

Sheet dONUT CHART
A3: Row Labels | B3: Sum of Cost per Lead
A4: BA | B4: 37385.52
A5: BA | B5: 38060.88
A6: DA | B6: 75077.53
A7: PY | B7: 72797.59
A8: Grand Total | B8: 223321.52 | L8: Row Labels | M8: Sum of Cost per Lead
L9: PY | M9: 72797.59
L10: DA | M10: 75077.53
L11: BA | M11: 38060.88
L12: BA | M12: 37385.52
L13: Grand Total | M13: 223321.52

Sheet COMBO CHART
A3: Row Labels | B3: Sum of Sales | C3: Average of Conversion Rate
A4: BA | B4: 8494 | C4: 4.791365
A5: BA | B5: 8965 | C5: 4.9932417
A6: DA | B6: 16967 | C6: 4.7881481
A7: PY | B7: 17503 | C7: 4.9477644
A8: Grand Total | B8: 51929 | C8: 4.8765483
